Experiment,Range,Pass,Pedigree,Shed GDU,Silk GDU,PLTHT (cm),EARHT (cm)
Release_Obs,5,3,GEMN-0178,1552,1570,305,109
Release_Obs,5,4,GEMN-0272,1501,1476,287,97
Release_Obs,5,5,PH05F,1423,1423,251,76
Release_Obs,5,6,GEMN-0287,1624,1602,312,119
Release_Obs,5,7,GEMN-0309,1476,1476,259,94
Release_Obs,5,8,GEMN-0310,1570,1586,310,160
Release_Obs,5,9,GEMN-0317,1423,1449,274,107
Release_Obs,5,10,GEMN-0318,1423,1449,282,99
Release_Obs,5,11,PH24E,1396,1423,234,104
Release_Obs,5,12,GEMN-0319,1552,1570,267,107
Release_Obs,5,13,GEMN-0325,1449,1449,267,89
Release_Obs,5,14,GEMN-0337,1586,1570,302,127
Release_Obs,5,15,GEMN-0342,1681,1651,244,94
Release_Obs,5,16,GEMN-0343,1527,1552,262,112
Release_Obs,5,17,GEMS-0293,1681,1710,244,124
Release_Obs,5,18,GEMS-0298,1423,1423,274,86
Release_Obs,6,3,GEMS-0322,1552,1570,211,71
Release_Obs,6,4,GEMS-0321,1651,1710,292,119
Release_Obs,6,5,GEMS-0320,1681,1710,262,135
Release_Obs,6,6,GEMS-0316,1369,1346,218,61
Release_Obs,6,7,GEMS-0315,1449,1476,229,66
Release_Obs,6,8,GEMS-0314,1449,1423,274,104
Release_Obs,6,9,GEMS-0313,1423,1449,249,79
Release_Obs,6,10,GEMS-0312,1570,1570,305,119
Release_Obs,6,11,01INL1,1449,1476,218,58
Release_Obs,6,12,GEMS-0311,1651,1710,279,114
Release_Obs,6,13,GEMS-0308,1476,1476,236,84
Release_Obs,6,14,GEMS-0307,1552,1570,226,76
Release_Obs,6,15,GEMS-0306,1449,1476,249,81
Release_Obs,6,16,MBWZ,1527,1570,244,91
Release_Obs,6,17,GEMS-0304,1423,1396,188,71
Release_Obs,6,18,GEMS-0303,1449,1423,254,69
Release_Obs,7,3,GEMS-0323,1423,1449,239,76
Release_Obs,7,4,90DJD28,1423,1449,269,86
Release_Obs,7,5,GEMS-0324,1476,1501,264,89
Release_Obs,7,6,GEMS-0327,1346,1396,236,66
Release_Obs,7,7,GEMS-0328,1423,1423,236,69
Release_Obs,7,8,GEMS-0329,1476,1501,287,112
Release_Obs,7,9,GEMS-0338,1570,1552,262,97
Release_Obs,7,10,GEMS-0339,1602,1624,246,91
Release_Obs,7,11,GEMS-0340,1476,1501,269,109
Release_Obs,7,12,GEMS-0341,1369,1369,221,74
Release_Obs,7,13,GEMS-0324,1476,1501,262,81
Release_Obs,7,14,GEMS-0314,1423,1423,284,91
Release_Obs,7,15,PH24E,1423,1449,244,86
Release_Obs,7,16,GEMS-0329,1476,1501,279,94
Release_Obs,7,17,GEMS-0313,1476,1501,249,89
Release_Obs,7,18,GEMS-0341,1369,1369,216,74
Release_Obs,8,3,GEMS-0316,1369,1346,234,76
Release_Obs,8,4,GEMS-0315,1423,1449,239,64
Release_Obs,8,5,GEMS-0298,1423,1449,264,74
Release_Obs,8,6,MBWZ,1476,1527,246,76
Release_Obs,8,7,GEMS-0321,1624,1710,284,137
Release_Obs,8,8,GEMN-0310,1586,1586,284,132
Release_Obs,8,9,GEMS-0340,1476,1501,269,91
Release_Obs,8,10,GEMN-0272,1527,1527,290,94
Release_Obs,8,11,GEMS-0311,1651,1710,300,124
Release_Obs,8,12,GEMN-0319,1527,1552,254,124
Release_Obs,8,13,GEMN-0317,1423,1449,264,97
Release_Obs,8,14,GEMS-0293,1651,1602,244,124
Release_Obs,8,15,GEMN-0318,1423,1449,267,89
Release_Obs,8,16,GEMS-0327,1369,1369,231,64
Release_Obs,8,17,GEMN-0309,1396,1396,234,99
Release_Obs,8,18,01INL1,1423,1423,216,56
Release_Obs,9,3,GEMN-0342,1651,1624,236,107
Release_Obs,9,4,GEMS-0320,1651,1710,267,122
Release_Obs,9,5,PH05F,1449,1476,251,84
Release_Obs,9,6,GEMS-0339,1501,1552,236,84
Release_Obs,9,7,GEMN-0287,1681,1735,320,140
Release_Obs,9,8,GEMS-0312,1586,1602,290,127
Release_Obs,9,9,GEMS-0338,1602,1602,274,99
Release_Obs,9,10,GEMN-0343,1552,1552,277,84
Release_Obs,9,11,GEMN-0337,1586,1570,284,122
Release_Obs,9,12,GEMN-0325,1449,1476,262,109
Release_Obs,9,13,GEMS-0304,1369,1369,175,64
Release_Obs,9,14,GEMS-0322,1501,1527,241,99
Release_Obs,9,15,GEMS-0328,1396,1396,234,66
Release_Obs,9,16,GEMS-0308,1449,1476,254,99
Release_Obs,9,17,GEMS-0306,1476,1501,259,97
Release_Obs,9,18,GEMS-0307,1552,1552,229,97
Release_Obs,10,15,90DJD28,1449,1449,262,84
Release_Obs,10,16,GEMS-0303,1449,1449,251,69
Release_Obs,10,17,GEMN-0178,1570,1586,282,127
Release_Obs,10,18,GEMS-0323,1423,1449,246,89
BcObs_CL,13,3,01DHD10//(GEMS-0115/MDS3501-B)/GEMS-0323,1322,1346,249,89
BcObs_CL,13,4,WDHQ11//(GEMS-0115/MDS3501-B)/GEMS-0323,1369,1369,307,122
BcObs_CL,13,5,90DJD28//(GEMS-0115/MDS3501-B)/GEMS-0323,1423,1396,290,97
BcObs_CL,13,6,01DIB2//(GEMS-0115/MDS3501-B)/GEMS-0323,1297,1272,284,102
BcObs_CL,13,7,PH080//(GEMS-0115/MDS3501-B)/GEMS-0323,1449,1449,318,119
BcObs_CL,13,8,01DIB2//(GEMS-0115/MDS3501-B)/GEMS-0327,1322,1297,264,104
BcObs_CL,13,9,PH080//(GEMS-0115/MDS3501-B)/GEMS-0327,1322,1322,284,102
BcObs_CL,13,10,PH09B//(GEMS-0115/MDS3501-B)/GEMS-0327,1369,1423,302,140
BcObs_CL,13,11,LH239//(GEMS-0115/MDS3501-B)/GEMS-0327,1423,1423,315,102
BcObs_CL,13,12,17DHD16//(GEMS-0115/MDS3501-B)/GEMS-0329,1272,1297,269,97
BcObs_CL,13,13,PH09B//(GEMS-0115/MDS3501-B)/GEMS-0329,1369,1423,292,86
BcObs_CL,13,14,LH239//(GEMS-0115/MDS3501-B)/GEMS-0329,1369,1369,320,114
BcObs_CL,13,15,17QFB1//(GEMS-0115/MDS3501-B)/GEMS-0329,1369,1369,305,99
BcObs_CL,13,16,PH0B4//(GEMS-0115/MDS3501-B)/GEMS-0329,1396,1369,302,104
BcObs_CL,13,17,17QFB1//(GEMS-0115/MDS3501-B)/GEMS-0334,1369,1369,284,104
BcObs_CL,13,18,PH0B4//(GEMS-0115/MDS3501-B)/GEMS-0334,1396,1423,310,140
BcObs_CL,14,3,PH3DT//(GEMS-0147/MDS3501-B)/GEMS-0336,1476,1501,269,109
BcObs_CL,14,4,86AQV2//(GEMS-0147/MDS3501-B)/GEMS-0336,1245,1297,272,107
BcObs_CL,14,5,PH3DT//(GEMS-0147/MDS3501-B)/GEMS-0323,1423,1423,279,104
BcObs_CL,14,6,PH1EM//(GEMS-0147/MDS3501-B)/GEMS-0323,1369,1369,295,102
BcObs_CL,14,7,PH25A//(GEMS-0147/MDS3501-B)/GEMS-0323,1369,1396,290,107
BcObs_CL,14,8,PH3DT//(GEMS-0147/MDS3501-B)/GEMS-0323,1423,1449,292,91
BcObs_CL,14,9,3AZA1//(GEMS-0147/MDS3501-B)/GEMS-0323,1297,1272,300,119
BcObs_CL,14,10,PH25A//(GEMS-0115/MDS3501-B)/GEMS-0335,1423,1449,323,130
BcObs_CL,14,11,PH3DT//(GEMS-0115/MDS3501-B)/GEMS-0335,1423,1449,297,112
BcObs_CL,14,12,3AZA1//(GEMS-0115/MDS3501-B)/GEMS-0335,1297,1272,284,107
BcObs_CL,14,13,PH05F//(GEMS-0115/MDS3501-B)/GEMS-0335,1423,1449,310,99
BcObs_CL,14,14,PH38D//(GEMS-0115/MDS3501-B)/GEMS-0335,1396,1423,312,119
BcObs_CL,14,15,22DHQ3//(GEMS-0115/MDS3501-B)/GEMS-0335,1423,1449,330,155
BcObs_CL,14,16,PH05F//(GEMS-0115/MDS3501-B)/GEMS-0334,1423,1423,310,135
BcObs_CL,14,17,22DHQ3//(GEMS-0115/MDS3501-B)/GEMS-0334,1423,1423,328,114
BcObs_CL,14,18,LH310//(GEMS-0115/MDS3501-B)/GEMS-0334,1476,1501,300,127
BcObs_CL,15,3,01DHD10//(GEMS-0147/MDS3501-B)/GEMS-0336,1346,1346,284,97
BcObs_CL,15,4,WDHQ11//(GEMS-0147/MDS3501-B)/GEMS-0336,1322,1346,300,102
BcObs_CL,15,5,87DIA4//(GEMS-0200/MDS3501-B)/GEMS-0322,1346,1346,295,109
BcObs_CL,15,6,01DHD10//(GEMS-0200/MDS3501-B)/GEMS-0322,1396,1423,297,119
BcObs_CL,15,7,WDHQ11//(GEMS-0200/MDS3501-B)/GEMS-0322,1423,1449,302,109
BcObs_CL,15,8,90DJD28//(GEMS-0200/MDS3501-B)/GEMS-0322,1423,1476,312,99
BcObs_CL,15,9,01DIB2//(GEMS-0200/MDS3501-B)/GEMS-0322,1346,1322,292,107
BcObs_CL,15,10,PH080//(GEMS-0200/MDS3501-B)/GEMS-0322,1369,1369,297,112
BcObs_CL,15,11,90DJD28//(GEMS-0200/MDS3501-B)/GEMS-0323,1423,1449,323,127
BcObs_CL,15,12,01DIB2//(GEMS-0200/MDS3501-B)/GEMS-0323,1346,1322,282,119
BcObs_CL,15,13,PH080//(GEMS-0200/MDS3501-B)/GEMS-0323,1369,1369,277,104
BcObs_CL,15,14,MBS3520/MBS8814,1369,1369,345,130
BcObs_CL,15,15,JCR503//(GEMS-0200/MDS3501-B)/GEMS-0323,1527,1527,307,140
BcObs_CL,15,16,17DHD16//(GEMS-0200/MDS3501-B)/GEMS-0323,1396,1369,290,117
BcObs_CL,15,17,PH09B//(GEMS-0200/MDS3501-B)/GEMS-0323,1423,1476,300,119
BcObs_CL,15,18,JCR503//(GEMS-0200/MDS3501-B)/GEMS-0327,1423,1476,302,135
BcObs_CL,16,3,22DHQ3//(GEMS-0200/MDS3501-B)/GEMS-0336,1396,1396,292,114
BcObs_CL,16,4,LH310//(GEMS-0200/MDS3501-B)/GEMS-0336,1449,1476,297,99
BcObs_CL,16,5,PH38D//(GEMS-0200/MDS3501-B)/GEMS-0335,1423,1449,297,112
BcObs_CL,16,6,22DHQ3//(GEMS-0200/MDS3501-B)/GEMS-0335,1423,1396,312,119
BcObs_CL,16,7,W7870,1396,1346,305,112
BcObs_CL,16,8,LH310//(GEMS-0200/MDS3501-B)/GEMS-0335,1527,1527,305,104
BcObs_CL,16,9,PH0B4//(GEMS-0200/MDS3501-B)/GEMS-0335,1449,1449,292,99
BcObs_CL,16,10,17QFB1//(GEMS-0200/MDS3501-B)/GEMS-0335,1423,1449,318,104
BcObs_CL,16,11,LH239//(GEMS-0200/MDS3501-B)/GEMS-0335,1501,1501,310,122
BcObs_CL,16,12,PH0B4//(GEMS-0200/MDS3501-B)/GEMS-0327,1396,1423,307,102
BcObs_CL,16,13,17QFB1//(GEMS-0200/MDS3501-B)/GEMS-0327,1369,1396,279,114
BcObs_CL,16,14,LH239//(GEMS-0200/MDS3501-B)/GEMS-0327,1449,1476,300,119
BcObs_CL,16,15,P1151,1369,1346,307,117
BcObs_CL,16,16,PH09B//(GEMS-0200/MDS3501-B)/GEMS-0327,1423,1423,295,104
BcObs_CL,16,17,17DHD16//(GEMS-0200/MDS3501-B)/GEMS-0327,1423,1423,295,89
BcObs_CL,16,18,5699V2P,1369,1369,297,117
BcObs_CL,17,3,PH38D//(GEMS-0200/MDS3501-B)/GEMS-0336,1369,1396,295,122
BcObs_CL,17,4,PH05F//(GEMS-0200/MDS3501-B)/GEMS-0336,1423,1396,297,117
BcObs_CL,17,5,3AZA1//(GEMS-0200/MDS3501-B)/GEMS-0336,1272,1272,277,122
BcObs_CL,17,6,PH3DT//(GEMS-0200/MDS3501-B)/GEMS-0336,1423,1449,292,109
BcObs_CL,17,7,PH05F//(GEMS-0226/MDS3501-B)/GEMS-0323,1423,1423,290,114
BcObs_CL,17,8,3AZA1//(GEMS-0226/MDS3501-B)/GEMS-0323,1322,1297,282,122
BcObs_CL,17,9,PH3DT//(GEMS-0226/MDS3501-B)/GEMS-0323,1476,1449,300,130
BcObs_CL,17,10,PH25A//(GEMS-0226/MDS3501-B)/GEMS-0323,1396,1396,290,109
BcObs_CL,17,11,86AQV2//(GEMS-0226/MDS3501-B)/GEMS-0323,1272,1219,269,109
BcObs_CL,17,12,PH1EM//(GEMS-0226/MDS3501-B)/GEMS-0323,1423,1396,302,114
BcObs_CL,17,13,PH25A//(GEMS-0226/MDS3501-B)/GEMS-0324,1423,1423,318,114
BcObs_CL,17,14,5379D2,1346,1346,315,117
BcObs_CL,17,15,86AQV2//(GEMS-0226/MDS3501-B)/GEMS-0324,1245,1192,269,109
BcObs_CL,17,16,PH1EM//(GEMS-0226/MDS3501-B)/GEMS-0324,1423,1449,312,127
BcObs_CL,17,17,PH3DT//(GEMS-0226/MDS3501-B)/GEMS-0324,1449,1423,284,112
BcObs_CL,17,18,01DHD10//(GEMS-0226/MDS3501-B)/GEMS-0324,1396,1396,290,107
BcObs_CL,18,3,PH1GD//01HGI4/Hopi Blue,1297,1297,269,89
BcObs_CL,18,4,LH287//01HGI4/Arizona 064,1346,1346,287,89
BcObs_CL,18,5,LH277//01HGI4/Arizona 064,1322,1322,290,112
BcObs_CL,18,6,P0589,1322,1297,297,114
BcObs_CL,18,7,LH254//01HGI4/Arizona 064,1369,1369,312,117
BcObs_CL,18,8,94INK1A//01HGI4/Arizona 064,1322,1297,307,127
BcObs_CL,18,9,91ISI5//01HGI4/Arizona 064,1272,1245,295,119
BcObs_CL,18,10,91INH2//01HGI4/Arizona 064,1322,1322,305,124
BcObs_CL,18,11,90LDC2//01HGI4/Arizona 064,1322,1369,305,89
BcObs_CL,18,12,90LCL6//01HGI4/Arizona 064,1322,1322,302,104
BcObs_CL,18,13,01DIB2//(GEMS-0226/MDS3501-B)/GEMS-0336,1322,1272,277,102
BcObs_CL,18,14,90DJD28//(GEMS-0226/MDS3501-B)/GEMS-0336,1423,1449,315,127
BcObs_CL,18,15,WDHQ11//(GEMS-0226/MDS3501-B)/GEMS-0336,1369,1369,302,119
BcObs_CL,18,16,01DHD10//(GEMS-0226/MDS3501-B)/GEMS-0336,1396,1396,305,112
BcObs_CL,18,17,87DIA4//(GEMS-0226/MDS3501-B)/GEMS-0336,1322,1322,282,130
BcObs_CL,18,18,PH3DT//(GEMS-0226/MDS3501-B)/GEMS-0336,1501,1449,292,124
BcObs_CL,19,3,PH24E//01HGI4/Hopi Blue,1322,1369,287,107
BcObs_CL,19,4,PH50P//01HGI4/Hopi Blue,1297,1369,267,104
BcObs_CL,19,5,PH51H//01HGI4/Hopi Blue,1272,1272,292,97
BcObs_CL,19,6,01HGI2//01HGI4/Hopi Blue,1322,1346,259,112
BcObs_CL,19,7,01HGI4//01HGI4/Hopi Blue,1346,1396,272,94
BcObs_CL,19,8,01INL1//01HGI4/Hopi Blue,1346,1346,279,119
BcObs_CL,19,9,17INI20//01HGI4/Hopi White,1346,1346,279,112
BcObs_CL,19,10,17INI30//01HGI4/Hopi White,1322,1322,272,112
BcObs_CL,19,11,4IBZ1A//01HGI4/Hopi White,1322,1322,292,86
BcObs_CL,19,12,70LDL5//01HGI4/Hopi White,1346,1369,284,104
BcObs_CL,19,13,86ISI5//01HGI4/Hopi White,1219,1245,254,94
BcObs_CL,19,14,W6820,1322,1322,292,109
BcObs_CL,19,15,90LCL6//01HGI4/Hopi White,1322,1322,300,112
BcObs_CL,19,16,90LDC2//01HGI4/Hopi White,1369,1369,284,99
BcObs_CL,19,17,91INH2//01HGI4/Hopi White,1346,1369,274,124
BcObs_CL,19,18,01HGI2//01HGI4/Pueblo Blue,1396,1396,282,122
BcObs_CL,20,3,4IBZ1A//01INL1/Arizona 064,1369,1396,282,97
BcObs_CL,20,4,17INI30//01INL1/Arizona 064,1297,1297,282,97
BcObs_CL,20,5,17INI20//01INL1/Arizona 064,1346,1369,295,91
BcObs_CL,20,6,MBS3640GT/MBS8731,1322,1297,318,107
BcObs_CL,20,7,01INL1//01INL1/Arizona 064,1346,1369,277,81
BcObs_CL,20,8,01HGI4//01INL1/Arizona 064,1369,1396,290,107
BcObs_CL,20,9,01HGI2//01INL1/Arizona 064,1346,1369,315,117
BcObs_CL,20,10,PH51H//01INL1/Arizona 064,1297,1322,279,104
BcObs_CL,20,11,PH50P//01INL1/Arizona 064,1272,1272,290,99
BcObs_CL,20,12,86ISI5//01HGI4/Pueblo Blue,1219,1245,257,94
BcObs_CL,20,13,70LDL5//01HGI4/Pueblo Blue,1346,1346,302,99
BcObs_CL,20,14,4IBZ1A//01HGI4/Pueblo Blue,1322,1322,310,86
BcObs_CL,20,15,17INI30//01HGI4/Pueblo Blue,1346,1322,292,114
BcObs_CL,20,16,17INI20//01HGI4/Pueblo Blue,1346,1346,269,104
BcObs_CL,20,17,01INL1//01HGI4/Pueblo Blue,1369,1369,264,86
BcObs_CL,20,18,01HGI4//01HGI4/Pueblo Blue,1396,1449,262,117
BcObs_CL,21,3,70LDL5//01INL1/Arizona Arid,1396,1449,312,127
BcObs_CL,21,4,86ISI5//01INL1/Arizona Arid,1272,1272,290,124
BcObs_CL,21,5,90LCL6//01INL1/Arizona Arid,1346,1346,269,81
BcObs_CL,21,6,90LDC2//01INL1/Arizona Arid,1369,1396,307,112
BcObs_CL,21,7,91INH2//01INL1/Arizona Arid,1322,1322,272,76
BcObs_CL,21,8,91ISI5//01INL1/Arizona Arid,1322,1297,302,114
BcObs_CL,21,9,94INK1A//01INL1/Arizona Arid,1369,1346,323,135
BcObs_CL,21,10,LH254//01INL1/Arizona Arid,1423,1423,310,119
BcObs_CL,21,11,91ISI5//01INL1/Hopi White,1245,1219,295,97
BcObs_CL,21,12,94INK1A//01INL1/Hopi White,1272,1272,279,107
BcObs_CL,21,13,LH254//01INL1/Hopi White,1322,1346,272,104
BcObs_CL,21,14,LH277//01INL1/Hopi White,1272,1297,269,102
BcObs_CL,21,15,LH287//01INL1/Hopi White,1272,1297,269,91
BcObs_CL,21,16,PH1GD//01INL1/Hopi White,1245,1272,267,99
BcObs_CL,21,17,PH24E//01INL1/Hopi White,1322,1369,267,94
BcObs_CL,21,18,PH3HH//01INL1/Hopi White,1396,1423,277,104
BcObs_CL,22,3,PH1GD//17INI20/Arizona Arid,1322,1322,305,160
BcObs_CL,22,4,LH287//17INI20/Arizona Arid,1346,1322,315,99
BcObs_CL,22,5,LH277//17INI20/Arizona Arid,1322,1322,259,107
BcObs_CL,22,6,LH254//17INI20/Arizona Arid,1369,1369,333,132
BcObs_CL,22,7,94INK1A//17INI20/Arizona Arid,1396,1449,277,84
BcObs_CL,22,8,91ISI5//17INI20/Arizona Arid,1322,1297,305,119
BcObs_CL,22,9,91INH2//17INI20/Arizona Arid,1369,1396,312,140
BcObs_CL,22,10,6469V2P,1476,1423,315,112
BcObs_CL,22,11,90LDC2//17INI20/Arizona Arid,1396,1423,328,137
BcObs_CL,22,12,01HGI2//01INL1/Pueblo Blue,1369,1396,244,84
BcObs_CL,22,13,PH51H//01INL1/Pueblo Blue,1245,1245,251,104
BcObs_CL,22,14,PH50P//01INL1/Pueblo Blue,1272,1272,279,104
BcObs_CL,22,15,PH24E//01INL1/Pueblo Blue,1297,1297,290,114
BcObs_CL,22,16,PH1GD//01INL1/Pueblo Blue,1245,1297,290,122
BcObs_CL,22,17,LH287//01INL1/Pueblo Blue,1346,1346,277,97
BcObs_CL,22,18,LH277//01INL1/Pueblo Blue,1322,1369,279,124
BcObs_CL,23,3,PH24E//17INI20/Hopi Blue,1346,1423,284,117
BcObs_CL,23,4,PH50P//17INI20/Hopi Blue,1245,1272,290,117
BcObs_CL,23,5,PH51H//17INI20/Hopi Blue,1297,1297,274,104
BcObs_CL,23,6,01HGI2//17INI20/Hopi Blue,1322,1297,274,94
BcObs_CL,23,7,01HGI4//17INI20/Hopi Blue,1369,1369,292,99
BcObs_CL,23,8,01INL1//17INI20/Hopi Blue,1346,1369,307,104
BcObs_CL,23,9,17INI20//17INI20/Hopi Blue,1272,1297,249,102
BcObs_CL,23,10,17INI30//17INI20/Hopi White,1322,1346,246,81
BcObs_CL,23,11,4IBZ1A//17INI20/Hopi White,1322,1322,279,84
BcObs_CL,23,12,70LDL5//17INI20/Hopi White,1322,1346,272,94
BcObs_CL,23,13,86ISI5//17INI20/Hopi White,1219,1192,262,124
BcObs_CL,23,14,90LCL6//17INI20/Hopi White,1272,1297,282,117
BcObs_CL,23,15,W5510,1346,1322,295,99
BcObs_CL,23,16,90LDC2//17INI20/Hopi White,1346,1396,284,86
BcObs_CL,23,17,91INH2//17INI20/Hopi White,1346,1369,249,94
BcObs_CL,23,18,91ISI5//17INI20/Hopi White,1272,1219,244,81
BcObs_CL,24,3,LH277//PH24E/Arizona 064,1322,1346,284,124
BcObs_CL,24,4,LH254//PH24E/Arizona 064,1423,1423,335,135
BcObs_CL,24,5,94INK1A//PH24E/Arizona 064,1297,1322,302,112
BcObs_CL,24,6,91ISI5//PH24E/Arizona 064,1272,1272,307,91
BcObs_CL,24,7,91INH2//PH24E/Arizona 064,1297,1272,290,114
BcObs_CL,24,8,90LDC2//PH24E/Arizona 064,1369,1396,325,140
BcObs_CL,24,9,90LCL6//PH24E/Arizona 064,1322,1346,323,117
BcObs_CL,24,10,86ISI5//PH24E/Arizona 064,1297,1322,282,97
BcObs_CL,24,11,90LCL6//17INI20/Pueblo Blue,1322,1346,284,104
BcObs_CL,24,12,86ISI5//17INI20/Pueblo Blue,1219,1272,262,102
BcObs_CL,24,13,70LDL5//17INI20/Pueblo Blue,1369,1346,279,107
BcObs_CL,24,14,4IBZ1A//17INI20/Pueblo Blue,1322,1322,295,91
BcObs_CL,24,15,17INI30//17INI20/Pueblo Blue,1346,1369,246,86
BcObs_CL,24,16,17INI20//17INI20/Pueblo Blue,1369,1396,246,79
BcObs_CL,24,17,01INL1//17INI20/Pueblo Blue,1346,1396,279,104
BcObs_CL,24,18,01HGI4//17INI20/Pueblo Blue,1369,1396,290,124
BcObs_CL,25,3,PH51H//PH24E/Arizona Arid,1369,1396,292,102
BcObs_CL,25,4,01HGI2//PH24E/Arizona Arid,1423,1396,328,137
BcObs_CL,25,5,01HGI4//PH24E/Arizona Arid,1396,1396,312,124
BcObs_CL,25,6,01INL1//PH24E/Arizona Arid,1396,1449,302,112
BcObs_CL,25,7,17INI20//PH24E/Arizona Arid,1423,1423,310,147
BcObs_CL,25,8,17INI30//PH24E/Arizona Arid,1423,1423,305,140
BcObs_CL,25,9,4IBZ1A//PH24E/Arizona Arid,1369,1396,333,135
BcObs_CL,25,10,70LDL5//PH24E/Arizona Arid,1423,1449,300,114
BcObs_CL,25,11,94INK1A//PH24E/Hopi Blue,1346,1346,310,117
BcObs_CL,25,12,LH254//PH24E/Hopi Blue,1322,1346,310,140
BcObs_CL,25,13,LH277//PH24E/Hopi Blue,1272,1297,290,124
BcObs_CL,25,14,LH287//PH24E/Hopi Blue,1272,1322,277,109
BcObs_CL,25,15,PH1GD//PH24E/Hopi Blue,1272,1297,282,107
BcObs_CL,25,16,PH24E//PH24E/Hopi Blue,1272,1322,282,135
BcObs_CL,25,17,PH3HH//PH24E/Hopi Blue,1346,1396,292,91
BcObs_CL,25,18,PH50P//PH24E/Hopi Blue,1297,1322,323,150
BcObs_CL,26,3,70LDL5//PH3HH/Arizona 064,1423,1476,320,124
BcObs_CL,26,4,17INI20//PH3HH/Arizona 064,1346,1369,312,94
BcObs_CL,26,5,01INL1//PH3HH/Arizona 064,1346,1396,307,102
BcObs_CL,26,6,01HGI4//PH3HH/Arizona 064,1396,1396,300,127
BcObs_CL,26,7,PH51H//PH3HH/Arizona 064,1297,1346,290,94
BcObs_CL,26,8,PH50P//PH3HH/Arizona 064,1369,1396,312,119
BcObs_CL,26,9,MBS3520/MBS5411,1396,1369,333,132
BcObs_CL,26,10,PH3HH//PH3HH/Arizona 064,1527,1586,300,109
BcObs_CL,26,11,01HGI4//PH24E/Hopi White,1346,1396,297,127
BcObs_CL,26,12,01HGI2//PH24E/Hopi White,1297,1297,249,107
BcObs_CL,26,13,PH51H//PH24E/Hopi White,1272,1297,262,91
BcObs_CL,26,14,PH50P//PH24E/Hopi White,1272,1322,274,104
BcObs_CL,26,15,PH3HH//PH24E/Hopi White,1322,1346,269,99
BcObs_CL,26,16,PH24E//PH24E/Hopi White,1346,1396,272,102
BcObs_CL,26,17,PH1GD//PH24E/Hopi White,1297,1322,292,119
BcObs_CL,26,18,LH287//PH24E/Hopi White,1346,1346,300,112
BcObs_CL,27,3,90LDC2//PH3HH/Arizona 064,1346,1396,310,109
BcObs_CL,27,4,01INL1//PH3HH/Arizona Arid,1369,1423,310,107
BcObs_CL,27,5,17INI20//PH3HH/Arizona Arid,1369,1369,323,114
BcObs_CL,27,6,17INI30//PH3HH/Arizona Arid,1396,1423,315,119
BcObs_CL,27,7,4IBZ1A//PH3HH/Arizona Arid,1369,1369,315,104
BcObs_CL,27,8,70LDL5//PH3HH/Arizona Arid,1501,1552,320,155
BcObs_CL,27,9,86ISI5//PH3HH/Arizona Arid,1322,1369,318,119
BcObs_CL,27,10,90LCL6//PH3HH/Arizona Arid,1396,1396,307,127
BcObs_CL,27,11,90LDC2//PH3HH/Arizona Arid,1423,1476,328,127
BcObs_CL,27,12,91ISI5//PH3HH/Hopi Blue,1297,1272,302,114
BcObs_CL,27,13,W4240,1297,1297,287,102
BcObs_CL,27,14,LH254//PH3HH/Hopi Blue,1369,1396,315,124
BcObs_CL,27,15,LH287//PH3HH/Hopi Blue,1322,1346,284,127
BcObs_CL,27,16,PH1GD//PH3HH/Hopi Blue,1297,1322,312,140
BcObs_CL,27,17,PH24E//PH3HH/Hopi Blue,1346,1423,300,109
BcObs_CL,27,18,PH3HH//PH3HH/Hopi Blue,1449,1476,290,119
BcObs_CL,28,3,01DHD10//(GEMS-0226/MDS3501-B)/GEMS-0336,1396,1449,290,119
BcObs_CL,28,4,01DHD10//(GEMS-0226/MDS3501-B)/GEMS-0324,1396,1449,287,109
BcObs_CL,28,5,01DHD10//(GEMS-0200/MDS3501-B)/GEMS-0322,1396,1396,292,97
BcObs_CL,28,6,01DHD10//(GEMS-0147/MDS3501-B)/GEMS-0336,1322,1346,284,102
BcObs_CL,28,7,01DHD10//(GEMS-0115/MDS3501-B)/GEMS-0323,1396,1396,284,109
BcObs_CL,28,8,PH24E//PH3HH/Pueblo Blue,1396,1449,295,112
BcObs_CL,28,9,PH1GD//PH3HH/Pueblo Blue,1297,1297,272,102
BcObs_CL,28,10,LH287//PH3HH/Pueblo Blue,1346,1346,292,89
BcObs_CL,28,11,LH277//PH3HH/Pueblo Blue,1297,1346,287,122
BcObs_CL,28,12,LH254//PH3HH/Pueblo Blue,1423,1449,328,117
BcObs_CL,28,13,94INK1A//PH3HH/Pueblo Blue,1322,1322,302,114
BcObs_CL,28,14,91ISI5//PH3HH/Pueblo Blue,1272,1272,297,104
BcObs_CL,28,15,91INH2//PH3HH/Pueblo Blue,1346,1369,282,94
BcObs_CL,28,16,PH51H//PH3HH/Hopi Blue,1322,1346,282,119
BcObs_CL,28,17,PH50P//PH3HH/Hopi Blue,1272,1346,274,104
BcObs_CL,28,18,MBS3628/MBS9530,1322,1346,310,119
BcObs_CL,29,3,01DIB2//(GEMS-0115/MDS3501-B)/GEMS-0323,1369,1346,282,119
BcObs_CL,29,4,01DIB2//(GEMS-0115/MDS3501-B)/GEMS-0327,1346,1322,277,99
BcObs_CL,29,5,01DIB2//(GEMS-0200/MDS3501-B)/GEMS-0322,1346,1346,295,107
BcObs_CL,29,6,01DIB2//(GEMS-0200/MDS3501-B)/GEMS-0323,1297,1272,284,99
BcObs_CL,29,7,01DIB2//(GEMS-0226/MDS3501-B)/GEMS-0336,1369,1322,292,114
BcObs_CL,29,8,01HGI2//01HGI4/Hopi Blue,1423,1449,277,114
BcObs_CL,29,9,01HGI2//01HGI4/Pueblo Blue,1396,1396,264,89
BcObs_CL,29,10,01HGI2//01INL1/Arizona 064,1322,1346,274,117
BcObs_CL,29,11,01HGI2//01INL1/Pueblo Blue,1369,1369,262,89
BcObs_CL,29,12,01HGI2//17INI20/Hopi Blue,1297,1272,277,97
BcObs_CL,29,13,01HGI2//PH24E/Arizona Arid,1369,1396,287,109
BcObs_CL,29,14,01HGI2//PH24E/Hopi White,1272,1297,254,97
BcObs_CL,29,15,01HGI4//01HGI4/Hopi Blue,1346,1396,269,104
BcObs_CL,29,16,01HGI4//01HGI4/Pueblo Blue,1396,1423,257,94
BcObs_CL,29,17,P1151,1322,1322,274,94
BcObs_CL,29,18,01HGI4//01INL1/Arizona 064,1369,1396,287,124
BcObs_CL,30,3,17DHD16//(GEMS-0200/MDS3501-B)/GEMS-0327,1396,1423,279,99
BcObs_CL,30,4,17DHD16//(GEMS-0200/MDS3501-B)/GEMS-0323,1369,1369,287,102
BcObs_CL,30,5,17DHD16//(GEMS-0115/MDS3501-B)/GEMS-0329,1297,1297,277,99
BcObs_CL,30,6,01INL1//PH3HH/Arizona Arid,1369,1423,292,102
BcObs_CL,30,7,01INL1//PH3HH/Arizona 064,1369,1423,315,112
BcObs_CL,30,8,01INL1//PH24E/Arizona Arid,1396,1396,312,147
BcObs_CL,30,9,01INL1//17INI20/Pueblo Blue,1346,1346,264,79
BcObs_CL,30,10,01INL1//17INI20/Hopi Blue,1322,1346,282,89
BcObs_CL,30,11,01INL1//01INL1/Arizona 064,1272,1297,282,99
BcObs_CL,30,12,01INL1//01HGI4/Pueblo Blue,1346,1369,259,81
BcObs_CL,30,13,01INL1//01HGI4/Hopi Blue,1346,1346,279,94
BcObs_CL,30,14,01HGI4//PH3HH/Arizona 064,1396,1396,287,124
BcObs_CL,30,15,01HGI4//PH24E/Hopi White,1396,1369,279,91
BcObs_CL,30,16,01HGI4//PH24E/Arizona Arid,1423,1423,292,142
BcObs_CL,30,17,01HGI4//17INI20/Pueblo Blue,1346,1346,290,112
BcObs_CL,30,18,01HGI4//17INI20/Hopi Blue,1346,1346,284,112
BcObs_CL,31,3,17INI20//01HGI4/Hopi White,1322,1346,251,81
BcObs_CL,31,4,17INI20//01HGI4/Pueblo Blue,1297,1346,279,86
BcObs_CL,31,5,17INI20//01INL1/Arizona 064,1322,1322,267,91
BcObs_CL,31,6,17INI20//17INI20/Hopi Blue,1297,1297,274,84
BcObs_CL,31,7,17INI20//17INI20/Pueblo Blue,1369,1346,262,102
BcObs_CL,31,8,17INI20//PH24E/Arizona Arid,1396,1369,284,117
BcObs_CL,31,9,17INI20//PH3HH/Arizona 064,1346,1346,307,104
BcObs_CL,31,10,17INI20//PH3HH/Arizona Arid,1369,1396,297,112
BcObs_CL,31,11,17INI30//01HGI4/Hopi White,1297,1297,279,102
BcObs_CL,31,12,17INI30//01HGI4/Pueblo Blue,1322,1346,274,79
BcObs_CL,31,13,17INI30//01INL1/Arizona 064,1297,1297,290,107
BcObs_CL,31,14,17INI30//17INI20/Hopi White,1346,1346,267,94
BcObs_CL,31,15,17INI30//17INI20/Pueblo Blue,1346,1346,264,109
BcObs_CL,31,16,17INI30//PH24E/Arizona Arid,1396,1396,284,135
BcObs_CL,31,17,17INI30//PH3HH/Arizona Arid,1346,1396,302,137
BcObs_CL,31,18,17QFB1//(GEMS-0115/MDS3501-B)/GEMS-0329,1423,1449,310,114
BcObs_CL,32,3,4IBZ1A//17INI20/Hopi White,1297,1297,269,86
BcObs_CL,32,4,4IBZ1A//01INL1/Arizona 064,1322,1346,312,127
BcObs_CL,32,5,4IBZ1A//01HGI4/Pueblo Blue,1322,1322,307,104
BcObs_CL,32,6,4IBZ1A//01HGI4/Hopi White,1346,1322,295,99
BcObs_CL,32,7,3AZA1//(GEMS-0226/MDS3501-B)/GEMS-0323,1272,1272,292,135
BcObs_CL,32,8,3AZA1//(GEMS-0200/MDS3501-B)/GEMS-0336,1346,1346,305,132
BcObs_CL,32,9,3AZA1//(GEMS-0147/MDS3501-B)/GEMS-0323,1322,1322,274,109
BcObs_CL,32,10,3AZA1//(GEMS-0115/MDS3501-B)/GEMS-0335,1322,1322,320,109
BcObs_CL,32,11,22DHQ3//(GEMS-0200/MDS3501-B)/GEMS-0336,1346,1369,323,112
BcObs_CL,32,12,22DHQ3//(GEMS-0200/MDS3501-B)/GEMS-0335,1449,1449,318,142
BcObs_CL,32,13,22DHQ3//(GEMS-0115/MDS3501-B)/GEMS-0335,1369,1396,307,124
BcObs_CL,32,14,22DHQ3//(GEMS-0115/MDS3501-B)/GEMS-0334,1396,1396,307,114
BcObs_CL,32,15,17QFB1//(GEMS-0200/MDS3501-B)/GEMS-0335,1449,1449,315,122
BcObs_CL,32,16,17QFB1//(GEMS-0200/MDS3501-B)/GEMS-0327,1423,1423,290,102
BcObs_CL,32,17,17QFB1//(GEMS-0115/MDS3501-B)/GEMS-0334,1396,1396,297,102
BcObs_CL,32,18,MBS3520/MBS8814,1369,1346,320,124
BcObs_CL,33,3,4IBZ1A//17INI20/Pueblo Blue,1297,1297,290,97
BcObs_CL,33,4,4IBZ1A//PH24E/Arizona Arid,1346,1346,318,122
BcObs_CL,33,5,4IBZ1A//PH3HH/Arizona Arid,1369,1396,307,97
BcObs_CL,33,6,70LDL5//01HGI4/Hopi White,1322,1322,279,99
BcObs_CL,33,7,70LDL5//01HGI4/Pueblo Blue,1346,1369,305,107
BcObs_CL,33,8,70LDL5//01INL1/Arizona Arid,1423,1476,318,99
BcObs_CL,33,9,70LDL5//17INI20/Hopi White,1423,1396,305,127
BcObs_CL,33,10,70LDL5//17INI20/Pueblo Blue,1369,1346,307,114
BcObs_CL,33,11,70LDL5//PH24E/Arizona Arid,1449,1476,307,117
BcObs_CL,33,12,70LDL5//PH3HH/Arizona 064,1423,1449,335,137
BcObs_CL,33,13,70LDL5//PH3HH/Arizona Arid,1423,1476,323,119
BcObs_CL,33,14,86AQV2//(GEMS-0147/MDS3501-B)/GEMS-0336,1192,1219,269,107
BcObs_CL,33,15,86AQV2//(GEMS-0226/MDS3501-B)/GEMS-0323,1219,1192,269,109
BcObs_CL,33,16,86AQV2//(GEMS-0226/MDS3501-B)/GEMS-0324,1219,1192,284,127
BcObs_CL,33,17,86ISI5//01HGI4/Hopi White,1272,1272,249,97
BcObs_CL,33,18,86ISI5//01HGI4/Pueblo Blue,1272,1272,267,112
BcObs_CL,34,3,90LCL6//17INI20/Hopi White,1322,1322,318,94
BcObs_CL,34,4,90LCL6//01INL1/Arizona Arid,1322,1369,295,102
BcObs_CL,34,5,90LCL6//01HGI4/Hopi White,1272,1297,290,107
BcObs_CL,34,6,90LCL6//01HGI4/Arizona 064,1297,1297,297,109
BcObs_CL,34,7,90DJD28//(GEMS-0226/MDS3501-B)/GEMS-0336,1369,1396,295,97
BcObs_CL,34,8,90DJD28//(GEMS-0200/MDS3501-B)/GEMS-0323,1449,1449,307,119
BcObs_CL,34,9,90DJD28//(GEMS-0200/MDS3501-B)/GEMS-0322,1449,1449,300,122
BcObs_CL,34,10,90DJD28//(GEMS-0115/MDS3501-B)/GEMS-0323,1396,1396,290,97
BcObs_CL,34,11,87DIA4//(GEMS-0226/MDS3501-B)/GEMS-0336,1297,1297,297,107
BcObs_CL,34,12,87DIA4//(GEMS-0200/MDS3501-B)/GEMS-0322,1369,1369,279,117
BcObs_CL,34,13,MBS3520/MBS5411,1369,1346,307,114
BcObs_CL,34,14,86ISI5//PH3HH/Arizona Arid,1297,1322,297,124
BcObs_CL,34,15,86ISI5//PH24E/Arizona 064,1219,1192,262,107
BcObs_CL,34,16,86ISI5//17INI20/Pueblo Blue,1192,1219,262,97
BcObs_CL,34,17,86ISI5//17INI20/Hopi White,1192,1192,254,104
BcObs_CL,34,18,86ISI5//01INL1/Arizona Arid,1297,1297,297,137
BcObs_CL,35,3,90LCL6//17INI20/Pueblo Blue,1322,1346,282,86
BcObs_CL,35,4,90LCL6//PH24E/Arizona 064,1297,1322,307,130
BcObs_CL,35,5,90LCL6//PH3HH/Arizona Arid,1396,1369,340,145
BcObs_CL,35,6,90LDC2//01HGI4/Arizona 064,1369,1346,310,130
BcObs_CL,35,7,90LDC2//01HGI4/Hopi White,1346,1369,290,102
BcObs_CL,35,8,90LDC2//01INL1/Arizona Arid,1449,1449,315,142
BcObs_CL,35,9,90LDC2//17INI20/Arizona Arid,1396,1423,320,137
BcObs_CL,35,10,90LDC2//17INI20/Hopi White,1346,1346,302,107
BcObs_CL,35,11,90LDC2//PH24E/Arizona 064,1322,1346,312,130
BcObs_CL,35,12,90LDC2//PH3HH/Arizona 064,1369,1423,302,124
BcObs_CL,35,13,90LDC2//PH3HH/Arizona Arid,1396,1449,305,112
BcObs_CL,35,14,91INH2//01HGI4/Arizona 064,1346,1322,284,109
BcObs_CL,35,15,91INH2//01HGI4/Hopi White,1322,1322,272,124
BcObs_CL,35,16,91INH2//01INL1/Arizona Arid,1369,1369,305,124
BcObs_CL,35,17,91INH2//17INI20/Arizona Arid,1346,1396,302,137
BcObs_CL,35,18,91INH2//17INI20/Hopi White,1346,1346,272,97
BcObs_CL,36,3,W6820,1346,1369,297,107
BcObs_CL,36,4,94INK1A//PH24E/Arizona 064,1322,1322,312,109
BcObs_CL,36,5,94INK1A//17INI20/Arizona Arid,1346,1346,290,102
BcObs_CL,36,6,94INK1A//01INL1/Hopi White,1322,1346,287,107
BcObs_CL,36,7,94INK1A//01INL1/Arizona Arid,1322,1346,328,130
BcObs_CL,36,8,94INK1A//01HGI4/Arizona 064,1346,1346,330,147
BcObs_CL,36,9,91ISI5//PH3HH/Pueblo Blue,1297,1272,307,109
BcObs_CL,36,10,91ISI5//PH3HH/Hopi Blue,1272,1272,305,142
BcObs_CL,36,11,91ISI5//PH24E/Arizona 064,1219,1219,277,104
BcObs_CL,36,12,91ISI5//17INI20/Hopi White,1192,1219,262,119
BcObs_CL,36,13,91ISI5//17INI20/Arizona Arid,1272,1245,292,94
BcObs_CL,36,14,91ISI5//01INL1/Hopi White,1219,1245,284,112
BcObs_CL,36,15,91ISI5//01INL1/Arizona Arid,1272,1297,305,109
BcObs_CL,36,16,91ISI5//01HGI4/Arizona 064,1297,1297,318,119
BcObs_CL,36,17,91INH2//PH3HH/Pueblo Blue,1346,1369,292,97
BcObs_CL,36,18,91INH2//PH24E/Arizona 064,1322,1346,287,99
BcObs_CL,37,3,94INK1A//PH24E/Hopi Blue,1322,1369,290,124
BcObs_CL,37,4,94INK1A//PH3HH/Pueblo Blue,1346,1346,305,107
BcObs_CL,37,5,JCR503//(GEMS-0200/MDS3501-B)/GEMS-0323,1476,1449,284,122
BcObs_CL,37,6,JCR503//(GEMS-0200/MDS3501-B)/GEMS-0327,1501,1476,287,109
BcObs_CL,37,7,LH239//(GEMS-0115/MDS3501-B)/GEMS-0327,1396,1423,312,127
BcObs_CL,37,8,LH239//(GEMS-0115/MDS3501-B)/GEMS-0329,1396,1423,310,127
BcObs_CL,37,9,LH239//(GEMS-0200/MDS3501-B)/GEMS-0327,1423,1449,320,117
BcObs_CL,37,10,LH239//(GEMS-0200/MDS3501-B)/GEMS-0335,1396,1423,320,155
BcObs_CL,37,11,LH254//01HGI4/Arizona 064,1369,1396,320,137
BcObs_CL,37,12,LH254//01INL1/Arizona Arid,1449,1449,325,117
BcObs_CL,37,13,LH254//01INL1/Hopi White,1322,1322,312,102
BcObs_CL,37,14,LH254//17INI20/Arizona Arid,1369,1423,340,183
BcObs_CL,37,15,LH254//PH24E/Arizona 064,1369,1396,307,104
BcObs_CL,37,16,LH254//PH24E/Hopi Blue,1346,1396,335,117
BcObs_CL,37,17,LH254//PH3HH/Hopi Blue,1423,1423,328,178
BcObs_CL,37,18,LH254//PH3HH/Pueblo Blue,1369,1346,325,127
BcObs_CL,38,3,LH287//PH3HH/Pueblo Blue,1272,1297,254,79
BcObs_CL,38,4,LH287//PH3HH/Hopi Blue,1501,1552,297,117
BcObs_CL,38,5,LH287//PH24E/Hopi White,1297,1245,277,99
BcObs_CL,38,6,LH287//PH24E/Hopi Blue,1322,1369,284,102
BcObs_CL,38,7,LH287//17INI20/Arizona Arid,1369,1369,333,114
BcObs_CL,38,8,LH287//01INL1/Pueblo Blue,1322,1297,282,89
BcObs_CL,38,9,LH287//01INL1/Hopi White,1322,1297,282,94
BcObs_CL,38,10,LH287//01HGI4/Arizona 064,1272,1272,300,117
BcObs_CL,38,11,MBS3628/MBS9530,1297,1297,302,127
BcObs_CL,38,12,LH277//PH3HH/Pueblo Blue,1322,1346,297,127
BcObs_CL,38,13,LH277//PH24E/Hopi Blue,1272,1297,279,104
BcObs_CL,38,14,LH277//PH24E/Arizona 064,1297,1297,307,122
BcObs_CL,38,15,LH277//17INI20/Arizona Arid,1322,1369,295,145
BcObs_CL,38,16,LH277//01INL1/Pueblo Blue,1297,1297,277,94
BcObs_CL,38,17,LH277//01INL1/Hopi White,1272,1272,267,114
BcObs_CL,38,18,LH277//01HGI4/Arizona 064,1322,1369,282,97
BcObs_CL,39,3,LH310//(GEMS-0115/MDS3501-B)/GEMS-0334,1476,1476,284,104
BcObs_CL,39,4,LH310//(GEMS-0200/MDS3501-B)/GEMS-0335,1297,1297,297,122
BcObs_CL,39,5,LH310//(GEMS-0200/MDS3501-B)/GEMS-0336,1423,1449,310,114
BcObs_CL,39,6,PH05F//(GEMS-0115/MDS3501-B)/GEMS-0334,1322,1322,307,127
BcObs_CL,39,7,PH05F//(GEMS-0115/MDS3501-B)/GEMS-0335,1423,1449,318,124
BcObs_CL,39,8,PH05F//(GEMS-0200/MDS3501-B)/GEMS-0336,1369,1396,315,114
BcObs_CL,39,9,PH05F//(GEMS-0226/MDS3501-B)/GEMS-0323,1396,1396,295,127
BcObs_CL,39,10,PH080//(GEMS-0115/MDS3501-B)/GEMS-0323,1369,1369,307,114
BcObs_CL,39,11,PH080//(GEMS-0115/MDS3501-B)/GEMS-0327,1396,1396,315,112
BcObs_CL,39,12,PH080//(GEMS-0200/MDS3501-B)/GEMS-0322,1369,1396,320,124
BcObs_CL,39,13,PH080//(GEMS-0200/MDS3501-B)/GEMS-0323,1322,1322,320,127
BcObs_CL,39,14,PH09B//(GEMS-0115/MDS3501-B)/GEMS-0327,1369,1423,305,127
BcObs_CL,39,15,PH09B//(GEMS-0115/MDS3501-B)/GEMS-0329,1423,1423,315,112
BcObs_CL,39,16,PH09B//(GEMS-0200/MDS3501-B)/GEMS-0323,1369,1423,318,104
BcObs_CL,39,17,MBS3640GT/MBS8731,1297,1272,328,109
BcObs_CL,39,18,PH09B//(GEMS-0200/MDS3501-B)/GEMS-0327,1423,1423,292,112
BcObs_CL,40,3,PH1GD//PH3HH/Pueblo Blue,1297,1297,287,91
BcObs_CL,40,4,PH1GD//PH3HH/Hopi Blue,1322,1322,267,94
BcObs_CL,40,5,PH1GD//PH24E/Hopi White,1297,1322,274,91
BcObs_CL,40,6,PH1GD//PH24E/Hopi Blue,1297,1297,297,91
BcObs_CL,40,7,PH1GD//17INI20/Arizona Arid,1322,1346,320,152
BcObs_CL,40,8,PH1GD//01INL1/Pueblo Blue,1297,1297,269,99
BcObs_CL,40,9,6469V2P,1423,1369,328,137
BcObs_CL,40,10,PH1GD//01INL1/Hopi White,1272,1297,262,86
BcObs_CL,40,11,PH1GD//01HGI4/Hopi Blue,1297,1297,287,102
BcObs_CL,40,12,PH1EM//(GEMS-0226/MDS3501-B)/GEMS-0324,1449,1449,297,117
BcObs_CL,40,13,PH1EM//(GEMS-0226/MDS3501-B)/GEMS-0323,1346,1346,300,122
BcObs_CL,40,14,PH1EM//(GEMS-0147/MDS3501-B)/GEMS-0323,1369,1396,302,107
BcObs_CL,40,15,PH0B4//(GEMS-0200/MDS3501-B)/GEMS-0335,1423,1396,315,119
BcObs_CL,40,16,PH0B4//(GEMS-0200/MDS3501-B)/GEMS-0327,1396,1396,315,124
BcObs_CL,40,17,PH0B4//(GEMS-0115/MDS3501-B)/GEMS-0334,1369,1346,318,135
BcObs_CL,40,18,PH0B4//(GEMS-0115/MDS3501-B)/GEMS-0329,1423,1423,305,109
BcObs_CL,41,3,PH24E//01HGI4/Hopi Blue,1322,1346,302,119
BcObs_CL,41,4,PH24E//01INL1/Hopi White,1423,1476,282,104
BcObs_CL,41,5,W4240,1297,1272,269,97
BcObs_CL,41,6,PH24E//01INL1/Pueblo Blue,1297,1322,284,109
BcObs_CL,41,7,PH24E//17INI20/Hopi Blue,1297,1297,300,127
BcObs_CL,41,8,PH24E//PH24E/Hopi Blue,1346,1423,272,94
BcObs_CL,41,9,PH24E//PH24E/Hopi White,1346,1369,269,89
BcObs_CL,41,10,PH24E//PH3HH/Hopi Blue,1369,1396,292,117
BcObs_CL,41,11,PH24E//PH3HH/Pueblo Blue,1369,1396,287,99
BcObs_CL,41,12,PH25A//(GEMS-0115/MDS3501-B)/GEMS-0335,1423,1449,305,132
BcObs_CL,41,13,P0589,1322,1297,287,102
BcObs_CL,41,14,PH25A//(GEMS-0147/MDS3501-B)/GEMS-0323,1369,1346,310,127
BcObs_CL,41,15,PH25A//(GEMS-0226/MDS3501-B)/GEMS-0323,1423,1396,323,147
BcObs_CL,41,16,PH25A//(GEMS-0226/MDS3501-B)/GEMS-0324,1396,1423,310,127
BcObs_CL,41,17,PH38D//(GEMS-0115/MDS3501-B)/GEMS-0335,1369,1369,330,127
BcObs_CL,41,18,PH38D//(GEMS-0200/MDS3501-B)/GEMS-0335,1449,1449,305,114
BcObs_CL,42,3,5699V2P,1346,1346,305,104
BcObs_CL,42,4,PH3HH//PH3HH/Hopi Blue,1297,1322,315,119
BcObs_CL,42,5,PH3HH//PH3HH/Arizona 064,1423,1449,284,107
BcObs_CL,42,6,PH3HH//PH24E/Hopi White,1322,1346,257,97
BcObs_CL,42,7,PH3HH//PH24E/Hopi Blue,1369,1396,284,102
BcObs_CL,42,8,PH3HH//01INL1/Hopi White,1423,1423,295,112
BcObs_CL,42,9,PH3DT//(GEMS-0226/MDS3501-B)/GEMS-0336,1476,1476,287,114
BcObs_CL,42,10,PH3DT//(GEMS-0226/MDS3501-B)/GEMS-0324,1449,1449,282,107
BcObs_CL,42,11,5379D2,1322,1322,305,117
BcObs_CL,42,12,PH3DT//(GEMS-0226/MDS3501-B)/GEMS-0323,1476,1527,279,122
BcObs_CL,42,13,PH3DT//(GEMS-0200/MDS3501-B)/GEMS-0336,1423,1423,290,112
BcObs_CL,42,14,PH3DT//(GEMS-0147/MDS3501-B)/GEMS-0336,1423,1423,295,97
BcObs_CL,42,15,PH3DT//(GEMS-0147/MDS3501-B)/GEMS-0323,1476,1476,315,127
BcObs_CL,42,16,PH3DT//(GEMS-0147/MDS3501-B)/GEMS-0323,1449,1449,292,114
BcObs_CL,42,17,PH3DT//(GEMS-0115/MDS3501-B)/GEMS-0335,1423,1449,300,107
BcObs_CL,42,18,PH38D//(GEMS-0200/MDS3501-B)/GEMS-0336,1423,1449,323,135
BcObs_CL,43,3,PH50P//01HGI4/Hopi Blue,1322,1322,300,99
BcObs_CL,43,4,PH50P//01INL1/Arizona 064,1322,1297,295,104
BcObs_CL,43,5,PH50P//01INL1/Pueblo Blue,1272,1297,274,97
BcObs_CL,43,6,PH50P//17INI20/Hopi Blue,1219,1219,277,91
BcObs_CL,43,7,PH50P//PH24E/Hopi Blue,1297,1297,302,114
BcObs_CL,43,8,PH50P//PH24E/Hopi White,1272,1322,295,89
BcObs_CL,43,9,PH50P//PH3HH/Arizona 064,1322,1346,295,104
BcObs_CL,43,10,PH50P//PH3HH/Hopi Blue,1297,1322,290,89
BcObs_CL,43,11,PH51H//01HGI4/Hopi Blue,1272,1272,282,104
BcObs_CL,43,12,PH51H//01INL1/Arizona 064,1272,1272,282,114
BcObs_CL,43,13,PH51H//01INL1/Pueblo Blue,1272,1245,292,114
BcObs_CL,43,14,PH51H//17INI20/Hopi Blue,1219,1219,267,104
BcObs_CL,43,15,W7870,1396,1346,295,135
BcObs_CL,43,16,PH51H//PH24E/Arizona Arid,1297,1322,282,132
BcObs_CL,43,17,PH51H//PH24E/Hopi White,1245,1297,249,89
BcObs_CL,43,18,PH51H//PH3HH/Arizona 064,1346,1346,300,104
BcObs_CL,44,13,WDHQ11//(GEMS-0226/MDS3501-B)/GEMS-0336,1396,1423,290,114
BcObs_CL,44,14,W5510,1369,1346,287,97
BcObs_CL,44,15,WDHQ11//(GEMS-0200/MDS3501-B)/GEMS-0322,1423,1423,292,117
BcObs_CL,44,16,WDHQ11//(GEMS-0147/MDS3501-B)/GEMS-0336,1346,1346,310,114
BcObs_CL,44,17,WDHQ11//(GEMS-0115/MDS3501-B)/GEMS-0323,1369,1346,292,122
BcObs_CL,44,18,PH51H//PH3HH/Hopi Blue,1346,1369,300,119
BcObs_HI,45,3,17INI20//GEMN-0317/GEMN-0325,1423,1423,335,145
BcObs_HI,45,4,LH283//GEMN-0317/GEMN-0325,1346,1369,302,122
BcObs_HI,45,5,90LDC2//GEMN-0317/GEMN-0325,1396,1423,307,107
BcObs_HI,45,6,PH3HH//GEMN-0317/GEMN-0325,1396,1423,335,119
BcObs_HI,45,7,01HGI4//GEMN-0317/GEMN-0325,1423,1449,340,147
BcObs_HI,45,8,LH283//GEMN-0318/GEMN-0267,1476,1449,340,142
BcObs_HI,45,9,MBS3628/MBS9530,1346,1346,320,117
BcObs_HI,45,10,90LDC2//GEMN-0318/GEMN-0267,1423,1423,335,150
BcObs_HI,45,11,PH3HH//GEMN-0318/GEMN-0267,1423,1449,315,109
BcObs_HI,45,12,01HGI4//GEMN-0318/GEMN-0267,1396,1423,330,117
BcObs_HI,45,13,91ISI5//GEMN-0318/GEMN-0267,1369,1346,323,102
BcObs_HI,45,14,LH287//GEMN-0325/GEMN-0097,1396,1346,320,117
BcObs_HI,45,15,6469V2P,1396,1346,318,137
BcObs_HI,45,16,17INI20//GEMN-0325/GEMN-0097,1369,1369,325,150
BcObs_HI,45,17,LH283//GEMN-0325/GEMN-0097,1396,1346,318,119
BcObs_HI,45,18,MBS3520/MBS5411,1423,1423,323,104
BcObs_HI,46,3,LH254//GEMN-0325/GEMN-0302,1346,1346,315,122
BcObs_HI,46,4,PH24E//GEMN-0325/GEMN-0302,1322,1322,284,104
BcObs_HI,46,5,01INL1//GEMN-0325/GEMN-0302,1423,1423,297,109
BcObs_HI,46,6,PH24E//GEMN-0325/GEMN-0267,1322,1346,315,117
BcObs_HI,46,7,70LDL5//GEMN-0325/GEMN-0267,1396,1396,315,135
BcObs_HI,46,8,91ISI5//GEMN-0325/GEMN-0267,1322,1297,320,122
BcObs_HI,46,9,01HGI4//GEMN-0325/GEMN-0267,1369,1369,310,119
BcObs_HI,46,10,PH3HH//GEMN-0325/GEMN-0267,1449,1476,323,94
BcObs_HI,46,11,W5510,1369,1346,307,102
BcObs_HI,46,12,PH3HH//GEMN-0325/GEMN-0178,1396,1449,307,119
BcObs_HI,46,13,5379D2,1346,1346,325,102
BcObs_HI,46,14,17INI20//GEMN-0325/GEMN-0178,1369,1369,338,145
BcObs_HI,46,15,LH287//GEMN-0325/GEMN-0178,1369,1396,315,109
BcObs_HI,46,16,LH254//GEMN-0325/GEMN-0178,1423,1449,358,135
BcObs_HI,46,17,PH24E//GEMN-0325/GEMN-0178,1346,1346,300,137
BcObs_HI,46,18,90LDC2//GEMN-0325/GEMN-0097,1396,1423,315,94
BcObs_HI,47,3,LH287//GEMN-0325/GEMN-0302,1449,1449,287,122
BcObs_HI,47,4,P0589,1423,1423,325,132
BcObs_HI,47,5,17INI20//GEMN-0325/GEMN-0302,1369,1346,320,112
BcObs_HI,47,6,70LDL5//GEMN-0325/GEMN-0310,1423,1449,330,135
BcObs_HI,47,7,01INL1//GEMN-0325/GEMN-0310,1423,1449,335,135
BcObs_HI,47,8,PH24E//GEMN-0325/GEMN-0310,1396,1449,340,155
BcObs_HI,47,9,W6820,1322,1322,287,99
BcObs_HI,47,10,LH254//GEMN-0325/GEMN-0310,1449,1449,353,132
BcObs_HI,47,11,01HGI4//GEMN-0325/GEMN-0318,1449,1449,353,142
BcObs_HI,47,12,MBS3640GT/MBS8731,1346,1322,330,104
BcObs_HI,47,13,91ISI5//GEMN-0325/GEMN-0318,1322,1297,335,117
BcObs_HI,47,14,70LDL5//GEMN-0325/GEMN-0318,1369,1396,340,107
BcObs_HI,47,15,PH24E//GEMN-0325/GEMN-0318,1346,1346,315,140
BcObs_HI,47,16,90DJD28//GEMS-0066/GEMS-0322,1423,1449,312,114
BcObs_HI,47,17,WDHQ11//GEMS-0066/GEMS-0322,1396,1396,315,117
BcObs_HI,47,18,87DIA4//GEMS-0301/GEMS-0324,1369,1396,302,122
BcObs_HI,48,3,PH3DT//GEMS-0326/GEMS-0322,1369,1396,300,91
BcObs_HI,48,4,WDHQ11//GEMS-0326/GEMS-0322,1423,1423,323,117
BcObs_HI,48,5,PH05F//GEMS-0324/GEMS-0329,1423,1476,305,114
BcObs_HI,48,6,LH239//GEMS-0324/GEMS-0329,1322,1346,292,97
BcObs_HI,48,7,LH239//GEMS-0322/GEMS-0314,1297,1245,262,99
BcObs_HI,48,8,01DHD10//GEMS-0322/GEMS-0314,1346,1369,295,97
BcObs_HI,48,9,87DIA4//GEMS-0322/GEMS-0314,1322,1322,284,102
BcObs_HI,48,10,90DJD28//GEMS-0315/GEMS-0322,1369,1396,315,127
BcObs_HI,48,11,3AZA1//GEMS-0315/GEMS-0322,1369,1396,318,94
BcObs_HI,48,12,22DHQ3//GEMS-0315/GEMS-0313,1423,1449,351,104
BcObs_HI,48,13,PH05F//GEMS-0315/GEMS-0313,1396,1346,325,130
BcObs_HI,48,14,LH239//GEMS-0301/GEMS-0326,1272,1272,262,91
BcObs_HI,48,15,90DJD28//GEMS-0301/GEMS-0326,1449,1476,307,127
BcObs_HI,48,16,W4240,1423,1423,305,119
BcObs_HI,48,17,JCR503//GEMS-0301/GEMS-0326,1346,1369,282,102
BcObs_HI,48,18,01DHD10//GEMS-0301/GEMS-0324,1369,1396,305,109
BcObs_HI,49,3,P1151,1369,1369,305,107
BcObs_HI,49,4,WDHQ11//GEMS-0327/GEMS-0305,1322,1322,312,117
BcObs_HI,49,5,PH3DT//GEMS-0327/GEMS-0305,1369,1396,300,119
BcObs_HI,49,6,LH310//GEMS-0327/GEMS-0305,1423,1449,307,124
BcObs_HI,49,7,PH05F//GEMS-0328/GEMS-0322,1369,1346,323,109
BcObs_HI,49,8,22DHQ3//GEMS-0328/GEMS-0322,1272,1272,282,97
BcObs_HI,49,9,22DHQ3//GEMS-0328/GEMS-0326,1322,1297,279,102
BcObs_HI,49,10,JCR503//GEMS-0328/GEMS-0326,1369,1346,333,127
BcObs_HI,49,11,90DJD28//GEMS-0328/GEMS-0326,1346,1346,287,107
BcObs_HI,49,12,01DHD10//GEMS-0328/GEMS-0327,1346,1346,292,112
BcObs_HI,49,13,5699V2P,1322,1322,274,104
BcObs_HI,49,14,MBS3520/MBS8814,1369,1396,305,117
BcObs_HI,49,15,LH239//GEMS-0328/GEMS-0327,1396,1396,320,119
BcObs_HI,49,16,W7870,1369,1346,312,122
BcObs_HI,49,17,PH3DT//GEMS-0328/GEMS-0327,1369,1396,323,122
BcObs_HI,49,18,87DIA4//GEMS-0329/GEMS-0322,1322,1297,274,102
BcObs_HI,50,3,17INI20//GEMN-0325/GEMN-0178,1423,1449,325,112
BcObs_HI,50,4,17INI20//GEMN-0325/GEMN-0097,1369,1369,310,107
BcObs_HI,50,5,17INI20//GEMN-0317/GEMN-0325,1396,1396,328,135
BcObs_HI,50,6,5699V2P,1369,1346,325,132
BcObs_HI,50,7,01INL1//GEMN-0325/GEMN-0310,1423,1476,335,124
BcObs_HI,50,8,01INL1//GEMN-0325/GEMN-0302,1396,1423,330,127
BcObs_HI,50,9,01HGI4//GEMN-0325/GEMN-0318,1272,1272,267,99
BcObs_HI,50,10,01HGI4//GEMN-0325/GEMN-0267,1369,1369,302,114
BcObs_HI,50,11,01HGI4//GEMN-0318/GEMN-0267,1369,1396,312,119
BcObs_HI,50,12,01HGI4//GEMN-0317/GEMN-0325,1369,1396,310,127
BcObs_HI,50,13,01DHD10//GEMS-0328/GEMS-0327,1423,1396,305,114
BcObs_HI,50,14,01DHD10//GEMS-0322/GEMS-0314,1423,1396,300,114
BcObs_HI,50,15,01DHD10//GEMS-0301/GEMS-0324,1449,1449,333,140
BcObs_HI,50,16,PH05F//GEMS-0329/GEMS-0323,1396,1423,356,140
BcObs_HI,50,17,LH310//GEMS-0329/GEMS-0323,1396,1423,328,140
BcObs_HI,50,18,PH3DT//GEMS-0329/GEMS-0323,1322,1322,305,117
BcObs_HI,51,3,17INI20//GEMN-0325/GEMN-0302,1369,1369,325,132
BcObs_HI,51,4,5379D2,1297,1297,279,102
BcObs_HI,51,5,22DHQ3//GEMS-0315/GEMS-0313,1396,1396,335,122
BcObs_HI,51,6,22DHQ3//GEMS-0328/GEMS-0322,1449,1476,312,124
BcObs_HI,51,7,22DHQ3//GEMS-0328/GEMS-0326,1322,1297,284,112
BcObs_HI,51,8,3AZA1//GEMS-0315/GEMS-0322,1369,1346,307,109
BcObs_HI,51,9,70LDL5//GEMN-0325/GEMN-0267,1346,1346,282,104
BcObs_HI,51,10,70LDL5//GEMN-0325/GEMN-0310,1369,1346,290,104
BcObs_HI,51,11,P0589,1322,1346,295,114
BcObs_HI,51,12,70LDL5//GEMN-0325/GEMN-0318,1396,1423,315,132
BcObs_HI,51,13,87DIA4//GEMS-0301/GEMS-0324,1423,1396,323,122
BcObs_HI,51,14,87DIA4//GEMS-0322/GEMS-0314,1423,1449,325,119
BcObs_HI,51,15,87DIA4//GEMS-0329/GEMS-0322,1476,1476,345,150
BcObs_HI,51,16,90DJD28//GEMS-0066/GEMS-0322,1423,1449,328,135
BcObs_HI,51,17,90DJD28//GEMS-0301/GEMS-0326,1322,1322,290,102
BcObs_HI,51,18,90DJD28//GEMS-0315/GEMS-0322,1396,1423,335,107
BcObs_HI,52,3,LH254//GEMN-0325/GEMN-0302,1449,1476,315,117
BcObs_HI,52,4,LH254//GEMN-0325/GEMN-0178,1423,1396,307,99
BcObs_HI,52,5,LH239//GEMS-0328/GEMS-0327,1423,1396,325,119
BcObs_HI,52,6,LH239//GEMS-0324/GEMS-0329,1449,1476,330,135
BcObs_HI,52,7,LH239//GEMS-0322/GEMS-0314,1322,1297,345,119
BcObs_HI,52,8,LH239//GEMS-0301/GEMS-0326,1396,1396,356,127
BcObs_HI,52,9,JCR503//GEMS-0328/GEMS-0326,1396,1396,328,112
BcObs_HI,52,10,JCR503//GEMS-0301/GEMS-0326,1396,1396,340,122
BcObs_HI,52,11,91ISI5//GEMN-0325/GEMN-0318,1369,1369,345,132
BcObs_HI,52,12,91ISI5//GEMN-0325/GEMN-0267,1369,1396,318,137
BcObs_HI,52,13,91ISI5//GEMN-0318/GEMN-0267,1369,1396,259,69
BcObs_HI,52,14,90LDC2//GEMN-0325/GEMN-0097,1423,1396,323,119
BcObs_HI,52,15,90LDC2//GEMN-0318/GEMN-0267,1396,1396,330,114
BcObs_HI,52,16,90LDC2//GEMN-0317/GEMN-0325,1423,1449,328,112
BcObs_HI,52,17,MBS3628/MBS9530,1346,1322,300,102
BcObs_HI,52,18,90DJD28//GEMS-0328/GEMS-0326,1423,1423,330,130
BcObs_HI,53,3,LH254//GEMN-0325/GEMN-0310,1423,1396,310,124
BcObs_HI,53,4,LH283//GEMN-0317/GEMN-0325,1346,1322,338,104
BcObs_HI,53,5,P1151,1346,1346,333,122
BcObs_HI,53,6,LH283//GEMN-0318/GEMN-0267,1297,1297,351,132
BcObs_HI,53,7,LH283//GEMN-0325/GEMN-0097,1322,1297,292,109
BcObs_HI,53,8,LH287//GEMN-0325/GEMN-0097,1322,1322,320,102
BcObs_HI,53,9,LH287//GEMN-0325/GEMN-0178,1449,1476,320,109
BcObs_HI,53,10,LH287//GEMN-0325/GEMN-0302,1369,1297,300,109
BcObs_HI,53,11,W6820,1369,1396,320,99
BcObs_HI,53,12,LH310//GEMS-0327/GEMS-0305,1423,1396,318,117
BcObs_HI,53,13,LH310//GEMS-0329/GEMS-0323,1369,1396,279,97
BcObs_HI,53,14,W5510,1423,1423,315,117
BcObs_HI,53,15,PH05F//GEMS-0315/GEMS-0313,1449,1476,315,107
BcObs_HI,53,16,PH05F//GEMS-0324/GEMS-0329,1423,1423,333,117
BcObs_HI,53,17,PH05F//GEMS-0328/GEMS-0322,1449,1476,328,122
BcObs_HI,53,18,PH05F//GEMS-0329/GEMS-0323,1476,1476,310,122
BcObs_HI,54,3,MBS3520/MBS5411,1423,1396,292,112
BcObs_HI,54,4,PH3HH//GEMN-0318/GEMN-0267,1322,1297,318,107
BcObs_HI,54,5,PH3HH//GEMN-0317/GEMN-0325,1369,1369,300,94
BcObs_HI,54,6,PH3DT//GEMS-0329/GEMS-0323,1449,1476,318,132
BcObs_HI,54,7,PH3DT//GEMS-0328/GEMS-0327,1369,1369,338,132
BcObs_HI,54,8,MBS3640GT/MBS8731,1396,1346,307,109
BcObs_HI,54,9,PH3DT//GEMS-0327/GEMS-0305,1396,1396,345,140
BcObs_HI,54,10,PH3DT//GEMS-0326/GEMS-0322,1346,1346,315,114
BcObs_HI,54,11,PH24E//GEMN-0325/GEMN-0318,1423,1423,330,132
BcObs_HI,54,12,W7870,1396,1396,345,127
BcObs_HI,54,13,PH24E//GEMN-0325/GEMN-0310,1322,1297,292,107
BcObs_HI,54,14,PH24E//GEMN-0325/GEMN-0302,1369,1423,307,122
BcObs_HI,54,15,PH24E//GEMN-0325/GEMN-0267,1501,1501,363,142
BcObs_HI,54,16,MBS3520/MBS8814,1423,1476,335,140
BcObs_HI,54,17,W4240,1423,1423,318,135
BcObs_HI,54,18,PH24E//GEMN-0325/GEMN-0178,1476,1449,328,132
BcObs_HI,55,3,PH3HH//GEMN-0325/GEMN-0178,1449,1396,318,119
BcObs_HI,55,4,PH3HH//GEMN-0325/GEMN-0267,1369,1369,302,122
BcObs_HI,55,5,WDHQ11//GEMS-0066/GEMS-0322,1449,1449,340,130
BcObs_HI,55,6,WDHQ11//GEMS-0326/GEMS-0322,1501,1552,343,140
BcObs_HI,55,7,6469V2P,1501,1501,348,135
BcObs_HI,55,8,WDHQ11//GEMS-0327/GEMS-0305,1369,1346,300,112
BcObs_NC,56,3,POPULATION 21 (IST) C2/GEMS-0227,1602,1624,373,185
BcObs_NC,56,4,CML343/GEMS-0032//LH242,1449,1476,340,107
BcObs_NC,56,5,St. Croix Group 3/LH287,1570,1527,348,140
BcObs_NC,56,6,W6820,1346,1297,328,104
BcObs_NC,56,7,Vandeno Synthetic/GEMS-0227,1346,1322,292,104
BcObs_NC,56,8,GEMS-0298/GEMS-0333,1322,1297,290,97
BcObs_NC,56,9,CML451/LH293//PH2MW,1369,1322,305,104
BcObs_NC,56,10,MBS3640GT/MBS8731,1322,1322,318,114
BcObs_NC,56,11,W4240,1501,1476,328,127
BcObs_NC,56,12,P0589,1501,1527,338,135
BcObs_NC,56,13,W5510,1476,1501,340,147
BcObs_NC,56,14,MBS3628/MBS9530,1527,1552,363,170
BcObs_NC,56,15,CML451/LH287//PH2E4,1449,1396,318,124
BcObs_NC,56,16,LH233/CML287//LH238,1501,1476,361,137
BcObs_NC,56,17,Celaya-GTO84/LH228//90DJD28,1552,1552,328,137
BcObs_NC,56,18,GEMS-0245/GEMS-0330,1346,1297,310,119
BcObs_NC,57,3,GEMS-0281/GEMS-0333,1501,1476,335,142
BcObs_NC,57,4,CML451/LH287//LH273,1586,1586,351,168
BcObs_NC,57,5,CML451/LH293//PH2E4,1476,1449,325,132
BcObs_NC,57,6,P1151,1369,1369,330,130
BcObs_NC,57,7,CML451/LH287//PH2MW,1423,1396,333,117
BcObs_NC,57,8,GEMS-0311/GEMS-0281//GEMS-0050/GEMS-0226,1449,1476,333,140
BcObs_NC,57,9,CML451/LH287//PH1CA,1501,1527,353,178
BcObs_NC,57,10,5379D2,1552,1552,351,142
BcObs_NC,57,11,MBS3520/MBS5411,1501,1552,353,152
BcObs_NC,57,12,POPULATION 44 (IST) C2/PH37C//LH242,1369,1346,307,109
BcObs_NC,57,13,GEMS-0245/GEMS-0320//GEMS-0050/GEMS-0226,1501,1501,330,165
BcObs_NC,57,14,GEMS-0293/GEMS-0115//GEMS-0281/GEMS-0311,1476,1501,353,168
BcObs_NC,57,15,GEMS-0281/GEMS-0311//GEMS-0245/GEMS-0320,1501,1552,330,132
BcObs_NC,57,16,5699V2P,1396,1346,315,117
BcObs_NC,57,17,GEMS-0244/GEMS-0298//GEMS-0293/GEMS-0115,1552,1570,361,160
BcObs_NC,57,18,GEMS-0281/GEMS-0311//GEMS-0321/GEMS-0147,1449,1476,330,152
BcObs_NC,58,3,6469V2P,1369,1369,333,122
BcObs_NC,58,4,GEMN-0331/GEMN-0272,1476,1527,366,147
BcObs_NC,58,5,GEMS-0311/GEMS-0281//GEMS-0244/GEMS-0298,1501,1501,363,140
BcObs_NC,58,6,W7870,1476,1501,356,137
BcObs_NC,58,7,GEMS-0245/GEMS-0332,1501,1527,348,135
BcObs_NC,58,8,GEMS-0226/42T2//90DJD28,1501,1527,363,150
BcObs_NC,58,9,MBS3520/MBS8814,1501,1476,343,140
BcObs_NC,58,10,GEMS-0050/GEMS-0226//GEMS-0244/GEMS-0298,1501,1501,353,137
BcObs_NC,58,11,CML451/LH293//LH287,1449,1476,338,135
BcObs_NC,58,12,POPULATION 44 (IST) C2/PH37C//GEMS-0330,1476,1527,340,145
BcObs_NC,58,13,GEMS-0321/GEMS-0147//GEMS-0245/GEMS-0320,1449,1476,312,122
BcObs_NC,58,14,GEMS-0321/GEMS-0332,1396,1346,290,104
BcObs_NC,58,15,CML451/LH293//PH1CA,1586,1552,345,150
BcObs_NC,58,16,GEMS-0245/GEMS-0320//GEMS-0050/GEMS-0226,1570,1570,368,157
BcObs_NC,58,17,GEMS-0281/GEMS-0311//GEMS-0321/GEMS-0147,1322,1297,284,94
BcObs_NC,58,18,GEMS-0226/42T2//90DJD28,1449,1476,333,122
BcObs_NC,59,3,LH233/CML287//LH238,1476,1552,358,137
BcObs_NC,59,4,W7870,1476,1527,356,142
BcObs_NC,59,5,GEMS-0311/GEMS-0281//GEMS-0050/GEMS-0226,1449,1476,335,135
BcObs_NC,59,6,W5510,1322,1297,295,109
BcObs_NC,59,7,GEMS-0281/GEMS-0311//GEMS-0245/GEMS-0320,1449,1476,330,114
BcObs_NC,59,8,GEMS-0245/GEMS-0332,1501,1501,312,135
BcObs_NC,59,9,P0589,1501,1501,358,147
BcObs_NC,59,10,POPULATION 44 (IST) C2/PH37C//LH242,1322,1297,312,109
BcObs_NC,59,11,Celaya-GTO84/LH228//90DJD28,1476,1476,348,155
BcObs_NC,59,12,GEMS-0321/GEMS-0332,1501,1527,348,142
BcObs_NC,59,13,GEMS-0321/GEMS-0147//GEMS-0245/GEMS-0320,1346,1346,315,104
BcObs_NC,59,14,W6820,1396,1396,330,122
BcObs_NC,59,15,GEMS-0298/GEMS-0333,1346,1346,335,124
BcObs_NC,59,16,CML343/GEMS-0032//LH242,1423,1423,333,124
BcObs_NC,59,17,GEMN-0331/GEMN-0272,1476,1501,363,135
BcObs_NC,59,18,MBS3628/MBS9530,1423,1396,335,127
BcObs_NC,60,5,GEMS-0245/GEMS-0330,1476,1501,371,145
BcObs_NC,60,6,GEMS-0311/GEMS-0281//GEMS-0244/GEMS-0298,1322,1297,340,122
BcObs_NC,60,7,5379D2,1501,1552,368,135
BcObs_NC,60,8,MBS3520/MBS5411,1527,1476,330,130
BcObs_NC,60,9,MBS3520/MBS8814,1476,1501,330,124
BcObs_NC,60,10,GEMS-0281/GEMS-0333,1322,1297,295,102
BcObs_NC,60,11,POPULATION 21 (IST) C2/GEMS-0227,1449,1476,328,97
BcObs_NC,60,12,6469V2P,1501,1501,348,152
BcObs_NC,60,13,Vandeno Synthetic/GEMS-0227,1552,1527,333,130
BcObs_NC,60,14,MBS3640GT/MBS8731,1476,1449,338,114
BcObs_NC,60,15,GEMS-0050/GEMS-0226//GEMS-0244/GEMS-0298,1552,1527,345,140
BcObs_NC,60,16,CML451/LH293//PH1CA,1552,1476,325,130
BcObs_NC,60,17,CML451/LH287//PH1CA,1449,1476,330,137
BcObs_NC,60,18,W4240,1322,1297,287,86
BcObs_NC,61,9,CML451/LH287//LH273,1322,1297,284,97
BcObs_NC,61,10,POPULATION 44 (IST) C2/PH37C//GEMS-0330,1527,1527,328,135
BcObs_NC,61,11,CML451/LH293//PH2E4,,,,
BcObs_NC,61,12,CML451/LH293//LH287,,,,
BcObs_NC,61,13,CML451/LH293//PH2MW,,,,
BcObs_NC,61,14,CML451/LH287//PH2MW,,,,
BcObs_NC,61,15,St. Croix Group 3/LH287,,,,
BcObs_NC,61,16,5699V2P,,,,
BcObs_NC,61,17,P1151,,,,
BcObs_NC,61,18,CML451/LH287//PH2E4,,,,
BcObs_NC,66,3,GEMS-0293/GEMS-0115//GEMS-0281/GEMS-0311,,,,
BcObs_NC,66,4,GEMS-0244/GEMS-0298//GEMS-0293/GEMS-0115,,,,
